日付,評価
2014-01-01,44
2014-01-02,42
2014-01-03,29
2014-01-04,36
2014-01-05,34
2014-01-06,41
2014-01-07,36
2014-01-08,30
2014-01-09,31
2014-01-10,30
2014-01-11,30
2014-01-12,40
2014-01-13,27
2014-01-14,39
2014-01-15,21
2014-01-16,27
2014-01-17,36
2014-01-18,38
2014-01-19,19
2014-01-20,42
2014-01-21,38
2014-01-22,36
2014-01-23,43
2014-01-24,33
2014-01-25,26
2014-01-26,32
2014-01-27,44
2014-01-28,47
2014-01-29,25
2014-01-30,31
2014-01-31,46
2014-02-01,36
2014-02-02,30
2014-02-03,30
2014-02-04,35
2014-02-05,31
2014-02-06,34
2014-02-07,30
2014-02-08,48
2014-02-09,32
2014-02-10,59
2014-02-11,36
2014-02-12,43
2014-02-13,33
2014-02-14,37
2014-02-15,47
2014-02-16,67
2014-02-17,44
2014-02-18,35
2014-02-19,40
2014-02-20,34
2014-02-21,35
2014-02-22,38
2014-02-23,42
2014-02-24,42
2014-02-25,34
2014-02-26,28
2014-02-27,28
2014-02-28,35
2014-03-01,36
2014-03-02,29
2014-03-03,37
2014-03-04,30
2014-03-05,21
2014-03-06,29
2014-03-07,46
2014-03-08,28
2014-03-09,34
2014-03-10,35
2014-03-11,15
2014-03-12,31
2014-03-13,30
2014-03-14,24
2014-03-15,21
2014-03-16,33
2014-03-17,25
2014-03-18,31
2014-03-19,28
2014-03-20,27
2014-03-21,51
2014-03-22,28
2014-03-23,30
2014-03-24,22
2014-03-25,29
2014-03-26,40
2014-03-27,31
2014-03-28,31
2014-03-29,29
2014-03-30,37
2014-03-31,25
2014-04-01,27
2014-04-02,27
2014-04-03,29
2014-04-04,28
2014-04-05,29
2014-04-06,39
2014-04-07,29
2014-04-08,28
2014-04-09,28
2014-04-10,34
2014-04-11,36
2014-04-12,19
2014-04-13,35
2014-04-14,27
2014-04-15,31
2014-04-16,26
2014-04-17,23
2014-04-18,27
2014-04-19,27
2014-04-20,22
2014-04-21,35
2014-04-22,16
2014-04-23,25
2014-04-24,33
2014-04-25,31
2014-04-26,31
2014-04-27,28
2014-04-28,38
2014-04-29,27
2014-04-30,33
2014-05-01,30
2014-05-02,33
2014-05-03,28
2014-05-04,31
2014-05-05,31
2014-05-06,24
2014-05-07,31
2014-05-08,31
2014-05-09,34
2014-05-10,32
2014-05-11,38
2014-05-12,30
2014-05-13,29
2014-05-14,22
2014-05-15,28
2014-05-16,22
2014-05-17,26
2014-05-18,34
2014-05-19,34
2014-05-20,22
2014-05-21,25
2014-05-22,25
2014-05-23,33
2014-05-24,31
2014-05-25,39
2014-05-26,27
2014-05-27,23
2014-05-28,31
2014-05-29,34
2014-05-30,20
2014-05-31,31
2014-06-01,30
2014-06-02,34
2014-06-03,27
2014-06-04,24
2014-06-05,33
2014-06-06,27
2014-06-07,28
2014-06-08,22
2014-06-09,23
2014-06-10,21
2014-06-11,20
2014-06-12,26
2014-06-13,33
2014-06-14,31
2014-06-15,28
2014-06-16,23
2014-06-17,31
2014-06-18,27
2014-06-19,32
2014-06-20,33
2014-06-21,24
2014-06-22,27
2014-06-23,22
2014-06-24,23
2014-06-25,26
2014-06-26,31
2014-06-27,21
2014-06-28,19
2014-06-29,40
2014-06-30,33
2014-07-01,28
2014-07-02,37
2014-07-03,24
2014-07-04,27
2014-07-05,25
2014-07-06,36
2014-07-07,24
2014-07-08,38
2014-07-09,23
2014-07-10,28
2014-07-11,38
2014-07-12,39
2014-07-13,36
2014-07-14,35
2014-07-15,26
2014-07-16,23
2014-07-17,26
2014-07-18,18
2014-07-19,30
2014-07-20,31
2014-07-21,27
2014-07-22,34
2014-07-23,30
2014-07-24,38
2014-07-25,22
2014-07-26,46
2014-07-27,30
2014-07-28,38
2014-07-29,29
2014-07-30,24
2014-07-31,32
2014-08-01,31
2014-08-02,33
2014-08-03,28
2014-08-04,43
2014-08-05,44
2014-08-06,33
2014-08-07,42
2014-08-08,25
2014-08-09,41
2014-08-10,23
2014-08-11,32
2014-08-12,32
2014-08-13,32
2014-08-14,42
2014-08-15,33
2014-08-16,36
2014-08-17,29
2014-08-18,32
2014-08-19,32
2014-08-20,28
2014-08-21,21
2014-08-22,38
2014-08-23,29
2014-08-24,24
2014-08-25,27
2014-08-26,33
2014-08-27,28
2014-08-28,26
2014-08-29,33
2014-08-30,31
2014-08-31,28
2014-09-01,27
2014-09-02,34
2014-09-03,30
2014-09-04,31
2014-09-05,24
2014-09-06,25
2014-09-07,32
2014-09-08,36
2014-09-09,41
2014-09-10,41
2014-09-11,29
2014-09-12,23
2014-09-13,28
2014-09-14,39
2014-09-15,32
2014-09-16,28
2014-09-17,31
2014-09-18,39
2014-09-19,29
2014-09-20,22
2014-09-21,34
2014-09-22,30
2014-09-23,25
2014-09-24,41
2014-09-25,32
2014-09-26,32
2014-09-27,28
2014-09-28,21
2014-09-29,45
2014-09-30,29
2014-10-01,29
2014-10-02,28
2014-10-03,25
2014-10-04,22
2014-10-05,28
2014-10-06,25
2014-10-07,32
2014-10-08,27
2014-10-09,30
2014-10-10,39
2014-10-11,26
2014-10-12,32
2014-10-13,34
2014-10-14,36
2014-10-15,30
2014-10-16,27
2014-10-17,33
2014-10-18,32
2014-10-19,24
2014-10-20,31
2014-10-21,35
2014-10-22,27
2014-10-23,25
2014-10-24,31
2014-10-25,39
2014-10-26,18
2014-10-27,32
2014-10-28,32
2014-10-29,35
2014-10-30,30
2014-10-31,24
2014-11-01,25
2014-11-02,35
2014-11-03,34
2014-11-04,28
2014-11-05,29
2014-11-06,40
2014-11-07,37
2014-11-08,35
2014-11-09,29
2014-11-10,22
2014-11-11,35
2014-11-12,29
2014-11-13,24
2014-11-14,34
2014-11-15,38
2014-11-16,29
2014-11-17,39
2014-11-18,25
2014-11-19,32
2014-11-20,24
2014-11-21,21
2014-11-22,30
2014-11-23,24
2014-11-24,36
2014-11-25,44
2014-11-26,28
2014-11-27,43
2014-11-28,28
2014-11-29,29
2014-11-30,27
2014-12-01,28
2014-12-02,45
2014-12-03,33
2014-12-04,32
2014-12-05,33
2014-12-06,34
2014-12-07,30
2014-12-08,42
2014-12-09,32
2014-12-10,30
2014-12-11,30
2014-12-12,34
2014-12-13,36
2014-12-14,46
2014-12-15,41
2014-12-16,22
2014-12-17,38
2014-12-18,36
2014-12-19,45
2014-12-20,39
2014-12-21,29
2014-12-22,43
2014-12-23,32
2014-12-24,45
2014-12-25,53
2014-12-26,38
2014-12-27,36
2014-12-28,51
2014-12-29,36
2014-12-30,55
2014-12-31,34
2015-01-01,49
2015-01-02,55
2015-01-03,47
2015-01-04,37
2015-01-05,42
2015-01-06,43
2015-01-07,38
2015-01-08,57
2015-01-09,37
2015-01-10,47
2015-01-11,41
2015-01-12,46
2015-01-13,33
2015-01-14,33
2015-01-15,28
2015-01-16,39
2015-01-17,28
2015-01-18,30
2015-01-19,30
2015-01-20,40
2015-01-21,37
2015-01-22,32
2015-01-23,34
2015-01-24,26
2015-01-25,45
2015-01-26,24
2015-01-27,20
2015-01-28,21
2015-01-29,34
2015-01-30,28
2015-01-31,36
2015-02-01,36
2015-02-02,52
2015-02-03,37
2015-02-04,36
2015-02-05,27
2015-02-06,44
2015-02-07,32
2015-02-08,25
2015-02-09,36
2015-02-10,37
2015-02-11,41
2015-02-12,37
2015-02-13,33
2015-02-14,35
2015-02-15,33
2015-02-16,34
2015-02-17,32
2015-02-18,37
2015-02-19,25
2015-02-20,30
2015-02-21,45
2015-02-22,23
2015-02-23,29
2015-02-24,31
2015-02-25,32
2015-02-26,26
2015-02-27,30
2015-02-28,38
2015-03-01,28
2015-03-02,33
2015-03-03,36
2015-03-04,23
2015-03-05,34
2015-03-06,27
2015-03-07,22
2015-03-08,25
2015-03-09,45
2015-03-10,27
2015-03-11,30
2015-03-12,24
2015-03-13,29
2015-03-14,43
2015-03-15,31
2015-03-16,32
2015-03-17,34
2015-03-18,27
2015-03-19,26
2015-03-20,30
2015-03-21,30
2015-03-22,38
2015-03-23,27
2015-03-24,26
2015-03-25,24
2015-03-26,24
2015-03-27,30
2015-03-28,52
2015-03-29,24
2015-03-30,25
2015-03-31,36
2015-04-01,19
2015-04-02,27
2015-04-03,23
2015-04-04,18
2015-04-05,16
2015-04-06,34
2015-04-07,20
2015-04-08,29
2015-04-09,27
2015-04-10,32
2015-04-11,31
2015-04-12,34
2015-04-13,31
2015-04-14,27
2015-04-15,20
2015-04-16,26
2015-04-17,25
2015-04-18,29
2015-04-19,25
2015-04-20,35
2015-04-21,35
2015-04-22,28
2015-04-23,29
2015-04-24,34
2015-04-25,34
2015-04-26,31
2015-04-27,23
2015-04-28,28
2015-04-29,28
2015-04-30,33
2015-05-01,43
2015-05-02,23
2015-05-03,41
2015-05-04,24
2015-05-05,35
2015-05-06,34
2015-05-07,43
2015-05-08,39
2015-05-09,33
2015-05-10,25
2015-05-11,31
2015-05-12,32
2015-05-13,34
2015-05-14,19
2015-05-15,23
2015-05-16,26
2015-05-17,29
2015-05-18,25
2015-05-19,21
2015-05-20,21
2015-05-21,24
2015-05-22,20
2015-05-23,27
2015-05-24,26
2015-05-25,41
2015-05-26,33
2015-05-27,28
2015-05-28,25
2015-05-29,37
2015-05-30,28
2015-05-31,40
2015-06-01,42
2015-06-02,34
2015-06-03,26
2015-06-04,31
2015-06-05,20
2015-06-06,27
2015-06-07,38
2015-06-08,28
2015-06-09,24
2015-06-10,26
2015-06-11,44
2015-06-12,27
2015-06-13,38
2015-06-14,25
2015-06-15,34
2015-06-16,22
2015-06-17,27
2015-06-18,39
2015-06-19,25
2015-06-20,33
2015-06-21,38
2015-06-22,38
2015-06-23,38
2015-06-24,18
2015-06-25,21
2015-06-26,30
2015-06-27,30
2015-06-28,16
2015-06-29,18
2015-06-30,28
2015-07-01,31
2015-07-02,26
2015-07-03,27
2015-07-04,19
2015-07-05,24
2015-07-06,28
2015-07-07,27
2015-07-08,32
2015-07-09,32
2015-07-10,34
2015-07-11,35
2015-07-12,37
2015-07-13,29
2015-07-14,22
2015-07-15,49
2015-07-16,21
2015-07-17,22
2015-07-18,31
2015-07-19,42
2015-07-20,35
2015-07-21,27
2015-07-22,35
2015-07-23,33
2015-07-24,38
2015-07-25,36
2015-07-26,41
2015-07-27,37
2015-07-28,37
2015-07-29,33
2015-07-30,43
2015-07-31,39
2015-08-01,34
2015-08-02,28
2015-08-03,33
2015-08-04,35
2015-08-05,45
2015-08-06,34
2015-08-07,39
2015-08-08,35
2015-08-09,24
2015-08-10,37
2015-08-11,30
2015-08-12,32
2015-08-13,18
2015-08-14,32
2015-08-15,47
2015-08-16,24
2015-08-17,31
2015-08-18,23
2015-08-19,38
2015-08-20,27
2015-08-21,32
2015-08-22,31
2015-08-23,34
2015-08-24,17
2015-08-25,23
2015-08-26,34
2015-08-27,25
2015-08-28,16
2015-08-29,27
2015-08-30,21
2015-08-31,29
2015-09-01,20
2015-09-02,34
2015-09-03,29
2015-09-04,40
2015-09-05,38
2015-09-06,32
2015-09-07,31
2015-09-08,30
2015-09-09,24
2015-09-10,21
2015-09-11,33
2015-09-12,32
2015-09-13,31
2015-09-14,28
2015-09-15,31
2015-09-16,30
2015-09-17,25
2015-09-18,24
2015-09-19,44
2015-09-20,38
2015-09-21,31
2015-09-22,42
2015-09-23,40
2015-09-24,37
2015-09-25,28
2015-09-26,30
2015-09-27,39
2015-09-28,39
2015-09-29,25
2015-09-30,28
2015-10-01,29
2015-10-02,35
2015-10-03,38
2015-10-04,32
2015-10-05,33
2015-10-06,35
2015-10-07,19
2015-10-08,27
2015-10-09,36
2015-10-10,24
2015-10-11,32
2015-10-12,42
2015-10-13,45
2015-10-14,34
2015-10-15,25
2015-10-16,37
2015-10-17,32
2015-10-18,45
2015-10-19,30
2015-10-20,29
2015-10-21,29
2015-10-22,41
2015-10-23,33
2015-10-24,35
2015-10-25,41
2015-10-26,31
2015-10-27,23
2015-10-28,26
2015-10-29,26
2015-10-30,29
2015-10-31,36
2015-11-01,22
2015-11-02,44
2015-11-03,37
2015-11-04,28
2015-11-05,29
2015-11-06,37
2015-11-07,29
2015-11-08,31
2015-11-09,35
2015-11-10,28
2015-11-11,27
2015-11-12,38
2015-11-13,27
2015-11-14,17
2015-11-15,26
2015-11-16,33
2015-11-17,27
2015-11-18,21
2015-11-19,25
2015-11-20,31
2015-11-21,36
2015-11-22,41
2015-11-23,32
2015-11-24,25
2015-11-25,31
2015-11-26,34
2015-11-27,32
2015-11-28,46
2015-11-29,30
2015-11-30,37
2015-12-01,30
2015-12-02,42
2015-12-03,26
2015-12-04,31
2015-12-05,36
2015-12-06,38
2015-12-07,33
2015-12-08,32
2015-12-09,39
2015-12-10,40
2015-12-11,33
2015-12-12,38
2015-12-13,30
2015-12-14,36
2015-12-15,31
2015-12-16,34
2015-12-17,25
2015-12-18,59
2015-12-19,33
2015-12-20,38
2015-12-21,39
2015-12-22,40
2015-12-23,22
2015-12-24,44
2015-12-25,42
2015-12-26,33
2015-12-27,35
2015-12-28,39
2015-12-29,27
2015-12-30,46
2015-12-31,41
2016-01-01,27
2016-01-02,37
2016-01-03,40
2016-01-04,39
2016-01-05,25
2016-01-06,27
2016-01-07,22
2016-01-08,33
2016-01-09,32
2016-01-10,43
2016-01-11,39
2016-01-12,47
2016-01-13,26
2016-01-14,39
2016-01-15,30
2016-01-16,29
2016-01-17,36
2016-01-18,44
2016-01-19,28
2016-01-20,38
2016-01-21,36
2016-01-22,38
2016-01-23,27
2016-01-24,30
2016-01-25,40
2016-01-26,40
2016-01-27,42
2016-01-28,43
2016-01-29,31
2016-01-30,34
2016-01-31,44
2016-02-01,46
2016-02-02,30
2016-02-03,34
2016-02-04,27
2016-02-05,33
2016-02-06,29
2016-02-07,38
2016-02-08,34
2016-02-09,48
2016-02-10,44
2016-02-11,27
2016-02-12,29
2016-02-13,29
2016-02-14,31
2016-02-15,35
2016-02-16,30
2016-02-17,40
2016-02-18,26
2016-02-19,42
2016-02-20,33
2016-02-21,39
2016-02-22,43
2016-02-23,30
2016-02-24,30
2016-02-25,37
2016-02-26,37
2016-02-27,31
2016-02-28,31
2016-02-29,42
2016-03-01,44
2016-03-02,49
2016-03-03,30
2016-03-04,33
2016-03-05,38
2016-03-06,36
2016-03-07,37
2016-03-08,32
2016-03-09,29
2016-03-10,26
2016-03-11,25
2016-03-12,37
2016-03-13,39
2016-03-14,30
2016-03-15,36
2016-03-16,33
2016-03-17,28
2016-03-18,33
2016-03-19,31
2016-03-20,30
2016-03-21,32
2016-03-22,39
2016-03-23,33
2016-03-24,18
2016-03-25,27
2016-03-26,29
2016-03-27,36
2016-03-28,19
2016-03-29,30
2016-03-30,20
2016-03-31,41
2016-04-01,29
2016-04-02,39
2016-04-03,36
2016-04-04,32
2016-04-05,38
2016-04-06,27
2016-04-07,41
2016-04-08,31
2016-04-09,22
2016-04-10,25
2016-04-11,23
2016-04-12,37
2016-04-13,26
2016-04-14,20
2016-04-15,26
2016-04-16,32
2016-04-17,38
2016-04-18,20
2016-04-19,18
2016-04-20,31
2016-04-21,42
2016-04-22,28
2016-04-23,26
2016-04-24,38
2016-04-25,22
2016-04-26,31
2016-04-27,24
2016-04-28,25
2016-04-29,22
2016-04-30,31
2016-05-01,33
2016-05-02,23
2016-05-03,29
2016-05-04,36
2016-05-05,32
2016-05-06,40
2016-05-07,36
2016-05-08,27
2016-05-09,51
2016-05-10,31
2016-05-11,28
2016-05-12,37
2016-05-13,32
2016-05-14,34
2016-05-15,27
2016-05-16,35
2016-05-17,19
2016-05-18,25
2016-05-19,42
2016-05-20,20
2016-05-21,14
2016-05-22,36
2016-05-23,36
2016-05-24,27
2016-05-25,33
2016-05-26,32
2016-05-27,27
2016-05-28,31
2016-05-29,31
2016-05-30,28
2016-05-31,36
2016-06-01,26
2016-06-02,22
2016-06-03,29
2016-06-04,27
2016-06-05,30
2016-06-06,42
2016-06-07,22
2016-06-08,37
2016-06-09,32
2016-06-10,31
2016-06-11,29
2016-06-12,33
2016-06-13,25
2016-06-14,38
2016-06-15,27
2016-06-16,28
2016-06-17,34
2016-06-18,34
2016-06-19,43
2016-06-20,43
2016-06-21,31
2016-06-22,23
2016-06-23,37
2016-06-24,43
2016-06-25,30
2016-06-26,31
2016-06-27,36
2016-06-28,20
2016-06-29,18
2016-06-30,31
2016-07-01,18
2016-07-02,36
2016-07-03,34
2016-07-04,33
2016-07-05,43
2016-07-06,32
2016-07-07,39
2016-07-08,33
2016-07-09,34
2016-07-10,36
2016-07-11,39
2016-07-12,31
2016-07-13,22
2016-07-14,25
2016-07-15,30
2016-07-16,39
2016-07-17,35
2016-07-18,38
2016-07-19,46
2016-07-20,36
2016-07-21,34
2016-07-22,30
2016-07-23,25
2016-07-24,28
2016-07-25,37
2016-07-26,25
2016-07-27,33
2016-07-28,33
2016-07-29,41
2016-07-30,31
2016-07-31,36
2016-08-01,30
2016-08-02,29
2016-08-03,32
2016-08-04,40
2016-08-05,27
2016-08-06,38
2016-08-07,32
2016-08-08,40
2016-08-09,35
2016-08-10,39
2016-08-11,43
2016-08-12,34
2016-08-13,33
2016-08-14,41
2016-08-15,29
2016-08-16,30
2016-08-17,22
2016-08-18,42
2016-08-19,26
2016-08-20,29
2016-08-21,30
2016-08-22,28
2016-08-23,31
2016-08-24,27
2016-08-25,41
2016-08-26,32
2016-08-27,37
2016-08-28,23
2016-08-29,38
2016-08-30,31
2016-08-31,23
2016-09-01,35
2016-09-02,25
2016-09-03,34
2016-09-04,32
2016-09-05,32
2016-09-06,32
2016-09-07,29
2016-09-08,37
2016-09-09,40
2016-09-10,29
2016-09-11,27
2016-09-12,24
2016-09-13,31
2016-09-14,37
2016-09-15,33
2016-09-16,28
2016-09-17,41
2016-09-18,32
2016-09-19,40
2016-09-20,31
2016-09-21,31
2016-09-22,32
2016-09-23,35
2016-09-24,28
2016-09-25,34
2016-09-26,39
2016-09-27,37
2016-09-28,25
2016-09-29,31
2016-09-30,28
2016-10-01,34
2016-10-02,33
2016-10-03,33
2016-10-04,34
2016-10-05,25
2016-10-06,38
2016-10-07,39
2016-10-08,34
2016-10-09,32
2016-10-10,28
2016-10-11,48
2016-10-12,31
2016-10-13,31
2016-10-14,24
2016-10-15,44
2016-10-16,28
2016-10-17,36
2016-10-18,28
2016-10-19,33
2016-10-20,32
2016-10-21,44
2016-10-22,26
2016-10-23,41
2016-10-24,38
2016-10-25,22
2016-10-26,27
2016-10-27,40
2016-10-28,34
2016-10-29,24
2016-10-30,25
2016-10-31,37
2016-11-01,41
2016-11-02,24
2016-11-03,33
2016-11-04,31
2016-11-05,39
2016-11-06,34
2016-11-07,21
2016-11-08,32
2016-11-09,34
2016-11-10,32
2016-11-11,42
2016-11-12,45
2016-11-13,32
2016-11-14,31
2016-11-15,43
2016-11-16,32
2016-11-17,38
2016-11-18,29
2016-11-19,23
2016-11-20,31
2016-11-21,34
2016-11-22,40
2016-11-23,36
2016-11-24,24
2016-11-25,42
2016-11-26,28
2016-11-27,50
2016-11-28,36
2016-11-29,41
2016-11-30,29
2016-12-01,30
2016-12-02,27
2016-12-03,37
2016-12-04,41
2016-12-05,40
2016-12-06,29
2016-12-07,48
2016-12-08,38
2016-12-09,40
2016-12-10,33
2016-12-11,41
2016-12-12,53
2016-12-13,23
2016-12-14,32
2016-12-15,30
2016-12-16,41
2016-12-17,38
2016-12-18,30
2016-12-19,45
2016-12-20,28
2016-12-21,33
2016-12-22,43
2016-12-23,34
2016-12-24,44
2016-12-25,33
2016-12-26,39
2016-12-27,45
2016-12-28,29
2016-12-29,42
2016-12-30,41
2016-12-31,32
2017-01-01,40
2017-01-02,61
2017-01-03,45
2017-01-04,50
2017-01-05,34
2017-01-06,45
2017-01-07,29
2017-01-08,27
2017-01-09,37
2017-01-10,51
2017-01-11,41
2017-01-12,45
2017-01-13,44
2017-01-14,51
2017-01-15,42
2017-01-16,50
2017-01-17,34
2017-01-18,41
2017-01-19,33
2017-01-20,31
2017-01-21,29
2017-01-22,44
2017-01-23,41
2017-01-24,42
2017-01-25,43
2017-01-26,33
2017-01-27,38
2017-01-28,42
2017-01-29,57
2017-01-30,43
2017-01-31,31
2017-02-01,41
2017-02-02,35
2017-02-03,41
2017-02-04,33
2017-02-05,37
2017-02-06,42
2017-02-07,39
2017-02-08,40
2017-02-09,17
2017-02-10,42
2017-02-11,41
2017-02-12,50
2017-02-13,48
2017-02-14,34
2017-02-15,33
2017-02-16,31
2017-02-17,27
2017-02-18,31
2017-02-19,26
2017-02-20,28
2017-02-21,29
2017-02-22,37
2017-02-23,37
2017-02-24,23
2017-02-25,41
2017-02-26,23
2017-02-27,41
2017-02-28,30
2017-03-01,31
2017-03-02,30
2017-03-03,43
2017-03-04,29
2017-03-05,36
2017-03-06,35
2017-03-07,30
2017-03-08,37
2017-03-09,38
2017-03-10,27
2017-03-11,29
2017-03-12,33
2017-03-13,33
2017-03-14,33
2017-03-15,27
2017-03-16,59
2017-03-17,53
2017-03-18,35
2017-03-19,31
2017-03-20,38
2017-03-21,22
2017-03-22,38
2017-03-23,44
2017-03-24,35
2017-03-25,39
2017-03-26,38
2017-03-27,33
2017-03-28,40
2017-03-29,33
2017-03-30,26
2017-03-31,30
2017-04-01,32
2017-04-02,40
2017-04-03,38
2017-04-04,35
2017-04-05,41
2017-04-06,36
2017-04-07,34
2017-04-08,31
2017-04-09,30
2017-04-10,36
2017-04-11,36
2017-04-12,28
2017-04-13,30
2017-04-14,22
2017-04-15,32
2017-04-16,37
2017-04-17,29
2017-04-18,37
2017-04-19,28
2017-04-20,43
2017-04-21,33
2017-04-22,34
2017-04-23,32
2017-04-24,29
2017-04-25,26
2017-04-26,27
2017-04-27,21
2017-04-28,27
2017-04-29,24
2017-04-30,27
2017-05-01,29
2017-05-02,28
2017-05-03,34
2017-05-04,30
2017-05-05,31
2017-05-06,24
2017-05-07,23
2017-05-08,45
2017-05-09,22
2017-05-10,37
2017-05-11,32
2017-05-12,38
2017-05-13,27
2017-05-14,32
2017-05-15,17
2017-05-16,28
2017-05-17,27
2017-05-18,24
2017-05-19,22
2017-05-20,31
2017-05-21,40
2017-05-22,37
2017-05-23,27
2017-05-24,30
2017-05-25,34
2017-05-26,27
2017-05-27,37
2017-05-28,26
2017-05-29,35
2017-05-30,24
2017-05-31,33
2017-06-01,30
2017-06-02,27
2017-06-03,33
2017-06-04,37
2017-06-05,46
2017-06-06,32
2017-06-07,24
2017-06-08,25
2017-06-09,27
2017-06-10,37
2017-06-11,32
2017-06-12,44
2017-06-13,35
2017-06-14,34
2017-06-15,20
2017-06-16,30
2017-06-17,40
2017-06-18,16
2017-06-19,32
2017-06-20,41
2017-06-21,32
2017-06-22,37
2017-06-23,45
2017-06-24,26
2017-06-25,35
2017-06-26,27
2017-06-27,25
2017-06-28,33
2017-06-29,36
2017-06-30,33
2017-07-01,26
2017-07-02,32
2017-07-03,31
2017-07-04,30
2017-07-05,43
2017-07-06,41
2017-07-07,27
2017-07-08,44
2017-07-09,41
2017-07-10,37
2017-07-11,36
2017-07-12,37
2017-07-13,35
2017-07-14,28
2017-07-15,37
2017-07-16,37
2017-07-17,50
2017-07-18,43
2017-07-19,32
2017-07-20,40
2017-07-21,30
2017-07-22,35
2017-07-23,36
2017-07-24,39
2017-07-25,31
2017-07-26,33
2017-07-27,34
2017-07-28,25
2017-07-29,36
2017-07-30,29
2017-07-31,35
2017-08-01,39
2017-08-02,28
2017-08-03,36
2017-08-04,32
2017-08-05,39
2017-08-06,49
2017-08-07,36
2017-08-08,42
2017-08-09,42
2017-08-10,27
2017-08-11,34
2017-08-12,29
2017-08-13,35
2017-08-14,51
2017-08-15,31
2017-08-16,32
2017-08-17,32
2017-08-18,33
2017-08-19,41
2017-08-20,37
2017-08-21,43
2017-08-22,30
2017-08-23,42
2017-08-24,34
2017-08-25,33
2017-08-26,36
2017-08-27,27
2017-08-28,41
2017-08-29,28
2017-08-30,31
2017-08-31,33
2017-09-01,30
2017-09-02,29
2017-09-03,44
2017-09-04,36
2017-09-05,33
2017-09-06,34
2017-09-07,41
2017-09-08,34
2017-09-09,31
2017-09-10,34
2017-09-11,34
2017-09-12,32
2017-09-13,23
2017-09-14,36
2017-09-15,35
2017-09-16,26
2017-09-17,24
2017-09-18,40
2017-09-19,33
2017-09-20,38
2017-09-21,40
2017-09-22,34
2017-09-23,38
2017-09-24,31
2017-09-25,37
2017-09-26,18
2017-09-27,24
2017-09-28,27
2017-09-29,33
2017-09-30,29
2017-10-01,36
2017-10-02,35
2017-10-03,26
2017-10-04,27
2017-10-05,39
2017-10-06,36
2017-10-07,35
2017-10-08,37
2017-10-09,25
2017-10-10,31
2017-10-11,44
2017-10-12,32
2017-10-13,28
2017-10-14,36
2017-10-15,29
2017-10-16,26
2017-10-17,27
2017-10-18,39
2017-10-19,40
2017-10-20,23
2017-10-21,34
2017-10-22,32
2017-10-23,44
2017-10-24,29
2017-10-25,31
2017-10-26,31
2017-10-27,39
2017-10-28,36
2017-10-29,29
2017-10-30,35
2017-10-31,35
2017-11-01,34
2017-11-02,40
2017-11-03,39
2017-11-04,33
2017-11-05,27
2017-11-06,36
2017-11-07,32
2017-11-08,32
2017-11-09,39
2017-11-10,28
2017-11-11,33
2017-11-12,24
2017-11-13,31
2017-11-14,36
2017-11-15,24
2017-11-16,28
2017-11-17,35
2017-11-18,43
2017-11-19,36
2017-11-20,37
2017-11-21,40
2017-11-22,32
2017-11-23,28
2017-11-24,29
2017-11-25,37
2017-11-26,24
2017-11-27,30
2017-11-28,33
2017-11-29,46
2017-11-30,24
2017-12-01,45
2017-12-02,33
2017-12-03,35
2017-12-04,30
2017-12-05,33
2017-12-06,34
2017-12-07,36
2017-12-08,41
2017-12-09,51
2017-12-10,32
2017-12-11,46
2017-12-12,38
2017-12-13,36
2017-12-14,35
2017-12-15,46
2017-12-16,42
2017-12-17,37
2017-12-18,42
2017-12-19,50
2017-12-20,45
2017-12-21,34
2017-12-22,52
2017-12-23,44
2017-12-24,33
2017-12-25,33
2017-12-26,39
2017-12-27,41
2017-12-28,35
2017-12-29,43
2017-12-30,40
2017-12-31,42
2018-01-01,56
2018-01-02,51
2018-01-03,37
2018-01-04,46
2018-01-05,56
2018-01-06,46
2018-01-07,33
2018-01-08,45
2018-01-09,52
2018-01-10,37
2018-01-11,35
2018-01-12,55
2018-01-13,51
2018-01-14,39
2018-01-15,59
2018-01-16,29
2018-01-17,34
2018-01-18,34
2018-01-19,35
2018-01-20,43
2018-01-21,44
2018-01-22,50
2018-01-23,38
2018-01-24,59
2018-01-25,41
2018-01-26,40
2018-01-27,47
2018-01-28,29
2018-01-29,54
2018-01-30,29
2018-01-31,40
2018-02-01,42
2018-02-02,27
2018-02-03,44
2018-02-04,54
2018-02-05,51
2018-02-06,34
2018-02-07,42
2018-02-08,39
2018-02-09,37
2018-02-10,30
2018-02-11,48
2018-02-12,40
2018-02-13,43
2018-02-14,34
2018-02-15,34
2018-02-16,47
2018-02-17,42
2018-02-18,31
2018-02-19,21
2018-02-20,36
2018-02-21,36
2018-02-22,37
2018-02-23,38
2018-02-24,37
2018-02-25,28
2018-02-26,41
2018-02-27,32
2018-02-28,29
2018-03-01,33
2018-03-02,48
2018-03-03,40
2018-03-04,38
2018-03-05,30
2018-03-06,35
2018-03-07,32
2018-03-08,34
2018-03-09,55
2018-03-10,21
2018-03-11,36
2018-03-12,37
2018-03-13,32
2018-03-14,31
2018-03-15,32
2018-03-16,25
2018-03-17,46
2018-03-18,23
2018-03-19,34
2018-03-20,32
2018-03-21,30
2018-03-22,29
2018-03-23,31
2018-03-24,35
2018-03-25,35
2018-03-26,47
2018-03-27,38
2018-03-28,26
2018-03-29,37
2018-03-30,37
2018-03-31,36
2018-04-01,35
2018-04-02,38
2018-04-03,39
2018-04-04,35
2018-04-05,26
2018-04-06,34
2018-04-07,29
2018-04-08,38
2018-04-09,33
2018-04-10,28
2018-04-11,37
2018-04-12,29
2018-04-13,33
2018-04-14,34
2018-04-15,29
2018-04-16,30
2018-04-17,35
2018-04-18,33
2018-04-19,35
2018-04-20,34
2018-04-21,33
2018-04-22,39
2018-04-23,42
2018-04-24,29
2018-04-25,35
2018-04-26,29
2018-04-27,32
2018-04-28,36
2018-04-29,43
2018-04-30,38
2018-05-01,50
2018-05-02,30
2018-05-03,38
2018-05-04,33
2018-05-05,42
2018-05-06,40
2018-05-07,22
2018-05-08,28
2018-05-09,25
2018-05-10,29
2018-05-11,39
2018-05-12,35
2018-05-13,42
2018-05-14,37
2018-05-15,25
2018-05-16,30
2018-05-17,25
2018-05-18,31
2018-05-19,28
2018-05-20,35
2018-05-21,48
2018-05-22,36
2018-05-23,24
2018-05-24,29
2018-05-25,35
2018-05-26,24
2018-05-27,38
2018-05-28,46
2018-05-29,29
2018-05-30,37
2018-05-31,40
2018-06-01,33
2018-06-02,26
2018-06-03,33
2018-06-04,30
2018-06-05,27
2018-06-06,35
2018-06-07,37
2018-06-08,28
2018-06-09,40
2018-06-10,32
2018-06-11,38
2018-06-12,32
2018-06-13,28
2018-06-14,28
2018-06-15,34
2018-06-16,24
2018-06-17,37
2018-06-18,41
2018-06-19,33
2018-06-20,27
2018-06-21,38
2018-06-22,34
2018-06-23,30
2018-06-24,43
2018-06-25,40
2018-06-26,31
2018-06-27,29
2018-06-28,33
2018-06-29,37
2018-06-30,40
2018-07-01,35
2018-07-02,51
2018-07-03,30
2018-07-04,30
2018-07-05,32
2018-07-06,35
2018-07-07,31
2018-07-08,40
2018-07-09,36
2018-07-10,34
2018-07-11,40
2018-07-12,33
2018-07-13,47
2018-07-14,48
2018-07-15,39
2018-07-16,53
2018-07-17,46
2018-07-18,41
2018-07-19,48
2018-07-20,61
2018-07-21,35
2018-07-22,42
2018-07-23,42
2018-07-24,69
2018-07-25,47
2018-07-26,57
2018-07-27,38
2018-07-28,45
2018-07-29,44
2018-07-30,47
2018-07-31,44
2018-08-01,37
2018-08-02,43
2018-08-03,59
2018-08-04,49
2018-08-05,44
2018-08-06,40
2018-08-07,35
2018-08-08,31
2018-08-09,31
2018-08-10,41
2018-08-11,47
2018-08-12,29
2018-08-13,37
2018-08-14,41
2018-08-15,44
2018-08-16,34
2018-08-17,40
2018-08-18,37
2018-08-19,38
2018-08-20,38
2018-08-21,49
2018-08-22,38
2018-08-23,50
2018-08-24,30
2018-08-25,34
2018-08-26,34
2018-08-27,45
2018-08-28,34
2018-08-29,44
2018-08-30,33
2018-08-31,45
2018-09-01,35
2018-09-02,24
2018-09-03,31
2018-09-04,23
2018-09-05,36
2018-09-06,36
2018-09-07,44
2018-09-08,41
2018-09-09,56
2018-09-10,38
2018-09-11,33
2018-09-12,32
2018-09-13,37
2018-09-14,31
2018-09-15,34
2018-09-16,50
2018-09-17,31
2018-09-18,38
2018-09-19,38
2018-09-20,28
2018-09-21,43
2018-09-22,31
2018-09-23,38
2018-09-24,32
2018-09-25,34
2018-09-26,34
2018-09-27,29
2018-09-28,38
2018-09-29,32
2018-09-30,24
2018-10-01,61
2018-10-02,33
2018-10-03,35
2018-10-04,33
2018-10-05,45
2018-10-06,36
2018-10-07,42
2018-10-08,31
2018-10-09,39
2018-10-10,32
2018-10-11,35
2018-10-12,40
2018-10-13,30
2018-10-14,31
2018-10-15,33
2018-10-16,30
2018-10-17,44
2018-10-18,30
2018-10-19,23
2018-10-20,33
2018-10-21,37
2018-10-22,31
2018-10-23,23
2018-10-24,40
2018-10-25,27
2018-10-26,32
2018-10-27,40
2018-10-28,33
2018-10-29,39
2018-10-30,26
2018-10-31,27
2018-11-01,39
2018-11-02,33
2018-11-03,30
2018-11-04,38
2018-11-05,41
2018-11-06,31
2018-11-07,32
2018-11-08,30
2018-11-09,36
2018-11-10,33
2018-11-11,36
2018-11-12,34
2018-11-13,32
2018-11-14,37
2018-11-15,35
2018-11-16,43
2018-11-17,32
2018-11-18,43
2018-11-19,37
2018-11-20,31
2018-11-21,27
2018-11-22,33
2018-11-23,44
2018-11-24,39
2018-11-25,31
2018-11-26,40
2018-11-27,35
2018-11-28,35
2018-11-29,38
2018-11-30,42
2018-12-01,33
2018-12-02,29
2018-12-03,46
2018-12-04,37
2018-12-05,33
2018-12-06,34
2018-12-07,26
2018-12-08,34
2018-12-09,32
2018-12-10,40
2018-12-11,27
2018-12-12,34
2018-12-13,39
2018-12-14,37
2018-12-15,36
2018-12-16,37
2018-12-17,48
2018-12-18,32
2018-12-19,42
2018-12-20,37
2018-12-21,40
2018-12-22,42
2018-12-23,51
2018-12-24,49
2018-12-25,50
2018-12-26,45
2018-12-27,29
2018-12-28,40
2018-12-29,35
2018-12-30,54
2018-12-31,40
2019-01-01,39
2019-01-02,51
2019-01-03,45
2019-01-04,45
2019-01-05,42
2019-01-06,46
2019-01-07,40
2019-01-08,62
2019-01-09,38
2019-01-10,43
2019-01-11,51
2019-01-12,49
2019-01-13,55
2019-01-14,45
2019-01-15,45
2019-01-16,59
2019-01-17,48
2019-01-18,43
2019-01-19,44
2019-01-20,56
2019-01-21,39
2019-01-22,40
2019-01-23,53
2019-01-24,45
2019-01-25,62
2019-01-26,44
2019-01-27,38
2019-01-28,38
2019-01-29,44
2019-01-30,43
2019-01-31,42
2019-02-01,40
2019-02-02,37
2019-02-03,36
2019-02-04,43
2019-02-05,37
2019-02-06,36
2019-02-07,44
2019-02-08,41
2019-02-09,42
2019-02-10,40
2019-02-11,30
2019-02-12,28
2019-02-13,29
2019-02-14,37
2019-02-15,52
2019-02-16,44
2019-02-17,43
2019-02-18,40
2019-02-19,36
2019-02-20,40
2019-02-21,32
2019-02-22,38
2019-02-23,42
2019-02-24,25
2019-02-25,39
2019-02-26,20
2019-02-27,33
2019-02-28,29
2019-03-01,37
2019-03-02,38
2019-03-03,40
2019-03-04,29
2019-03-05,30
2019-03-06,34
2019-03-07,43
2019-03-08,39
2019-03-09,30
2019-03-10,30
2019-03-11,41
2019-03-12,32
2019-03-13,32
2019-03-14,33
2019-03-15,28
2019-03-16,32
2019-03-17,32
2019-03-18,35
2019-03-19,31
2019-03-20,39
2019-03-21,30
2019-03-22,46
2019-03-23,33
2019-03-24,38
2019-03-25,39
2019-03-26,35
2019-03-27,33
2019-03-28,28
2019-03-29,31
2019-03-30,39
2019-03-31,27
2019-04-01,29
2019-04-02,34
2019-04-03,32
2019-04-04,46
2019-04-05,39
2019-04-06,36
2019-04-07,44
2019-04-08,52
2019-04-09,37
2019-04-10,14
2019-04-11,37
2019-04-12,29
2019-04-13,39
2019-04-14,36
2019-04-15,41
2019-04-16,39
2019-04-17,34
2019-04-18,43
2019-04-19,39
2019-04-20,44
2019-04-21,29
2019-04-22,51
2019-04-23,25
2019-04-24,30
2019-04-25,47
2019-04-26,38
2019-04-27,29
2019-04-28,42
2019-04-29,39
2019-04-30,44
2019-05-01,34
2019-05-02,43
2019-05-03,43
2019-05-04,34
2019-05-05,31
2019-05-06,30
2019-05-07,43
2019-05-08,40
2019-05-09,26
2019-05-10,29
2019-05-11,42
2019-05-12,35
2019-05-13,39
2019-05-14,34
2019-05-15,26
2019-05-16,22
2019-05-17,35
2019-05-18,31
2019-05-19,35
2019-05-20,33
2019-05-21,25
2019-05-22,24
2019-05-23,42
2019-05-24,29
2019-05-25,40
2019-05-26,40
2019-05-27,33
2019-05-28,41
2019-05-29,27
2019-05-30,41
2019-05-31,43
2019-06-01,46
2019-06-02,29
2019-06-03,32
2019-06-04,36
2019-06-05,39
2019-06-06,31
2019-06-07,49
2019-06-08,35
2019-06-09,33
2019-06-10,32
2019-06-11,29
2019-06-12,33
2019-06-13,49
2019-06-14,38
2019-06-15,34
2019-06-16,41
2019-06-17,33
2019-06-18,30
2019-06-19,43
2019-06-20,39
2019-06-21,32
2019-06-22,31
2019-06-23,34
2019-06-24,45
2019-06-25,50
2019-06-26,36
2019-06-27,32
2019-06-28,39
2019-06-29,33
2019-06-30,40
2019-07-01,31
2019-07-02,45
2019-07-03,44
2019-07-04,24
2019-07-05,34
2019-07-06,38
2019-07-07,24
2019-07-08,40
2019-07-09,45
2019-07-10,38
2019-07-11,34
2019-07-12,34
2019-07-13,31
2019-07-14,29
2019-07-15,33
2019-07-16,42
2019-07-17,41
2019-07-18,37
2019-07-19,37
2019-07-20,46
2019-07-21,57
2019-07-22,37
2019-07-23,29
2019-07-24,26
2019-07-25,29
2019-07-26,30
2019-07-27,42
2019-07-28,44
2019-07-29,55
2019-07-30,28
2019-07-31,40
2019-08-01,50
2019-08-02,42
2019-08-03,48
2019-08-04,40
2019-08-05,61
2019-08-06,42
2019-08-07,55
2019-08-08,38
2019-08-09,49
2019-08-10,39
2019-08-11,47
2019-08-12,45
2019-08-13,47
2019-08-14,49
2019-08-15,39
2019-08-16,46
2019-08-17,42
2019-08-18,48
2019-08-19,40
2019-08-20,40
2019-08-21,36
2019-08-22,47
2019-08-23,34
2019-08-24,36
2019-08-25,46
2019-08-26,38
2019-08-27,29
2019-08-28,28
2019-08-29,42
2019-08-30,44
2019-08-31,40
2019-09-01,35
2019-09-02,38
2019-09-03,36
2019-09-04,34
2019-09-05,32
2019-09-06,40
2019-09-07,40
2019-09-08,32
2019-09-09,51
2019-09-10,31
2019-09-11,38
2019-09-12,56
2019-09-13,44
2019-09-14,44
2019-09-15,36
2019-09-16,33
2019-09-17,36
2019-09-18,27
2019-09-19,38
2019-09-20,35
2019-09-21,30
2019-09-22,42
2019-09-23,41
2019-09-24,40
2019-09-25,25
2019-09-26,34
2019-09-27,35
2019-09-28,32
2019-09-29,36
2019-09-30,38
2019-10-01,28
2019-10-02,30
2019-10-03,34
2019-10-04,36
2019-10-05,33
2019-10-06,25
2019-10-07,38
2019-10-08,35
2019-10-09,31
2019-10-10,40
2019-10-11,41
2019-10-12,36
2019-10-13,44
2019-10-14,34
2019-10-15,55
2019-10-16,34
2019-10-17,33
2019-10-18,31
2019-10-19,32
2019-10-20,48
2019-10-21,46
2019-10-22,48
2019-10-23,34
2019-10-24,31
2019-10-25,23
2019-10-26,41
2019-10-27,40
2019-10-28,41
2019-10-29,32
2019-10-30,36
2019-10-31,31
2019-11-01,24
2019-11-02,37
2019-11-03,37
2019-11-04,32
2019-11-05,44
2019-11-06,38
2019-11-07,34
2019-11-08,41
2019-11-09,26
2019-11-10,30
2019-11-11,38
2019-11-12,38
2019-11-13,30
2019-11-14,42
2019-11-15,41
2019-11-16,36
2019-11-17,37
2019-11-18,35
2019-11-19,31
2019-11-20,33
2019-11-21,33
2019-11-22,45
2019-11-23,41
2019-11-24,44
2019-11-25,41
2019-11-26,35
2019-11-27,31
2019-11-28,38
2019-11-29,37
2019-11-30,49
2019-12-01,50
2019-12-02,35
2019-12-03,27
2019-12-04,49
2019-12-05,38
2019-12-06,27
2019-12-07,31
2019-12-08,41
2019-12-09,38
2019-12-10,33
2019-12-11,34
2019-12-12,58
2019-12-13,41
2019-12-14,38
2019-12-15,45
2019-12-16,45
2019-12-17,50
2019-12-18,36
2019-12-19,42
2019-12-20,45
2019-12-21,28
2019-12-22,43
2019-12-23,34
2019-12-24,44
2019-12-25,45
2019-12-26,42
2019-12-27,48
2019-12-28,45
2019-12-29,41
2019-12-30,48
2019-12-31,56
2020-01-01,63
2020-01-02,54
2020-01-03,44
2020-01-04,52
2020-01-05,38
2020-01-06,34
2020-01-07,32
2020-01-08,34
2020-01-09,48
2020-01-10,53
2020-01-11,49
2020-01-12,38
2020-01-13,47
2020-01-14,46
2020-01-15,38
2020-01-16,37
2020-01-17,39
2020-01-18,38
2020-01-19,44
2020-01-20,42
2020-01-21,32
2020-01-22,35
2020-01-23,22
2020-01-24,26
2020-01-25,43
2020-01-26,43
2020-01-27,34
2020-01-28,39
2020-01-29,57
2020-01-30,56
2020-01-31,38
2020-02-01,46
2020-02-02,36
2020-02-03,38
2020-02-04,40
2020-02-05,47
2020-02-06,45
2020-02-07,46
2020-02-08,42
2020-02-09,49
2020-02-10,52
2020-02-11,32
2020-02-12,42
2020-02-13,44
2020-02-14,43
2020-02-15,36
2020-02-16,32
2020-02-17,44
2020-02-18,47
2020-02-19,26
2020-02-20,43
2020-02-21,38
2020-02-22,30
2020-02-23,31
2020-02-24,27
2020-02-25,29
2020-02-26,38
2020-02-27,41
2020-02-28,27
2020-02-29,44
2020-03-01,39
2020-03-02,43
2020-03-03,26
2020-03-04,39
2020-03-05,30
2020-03-06,34
2020-03-07,32
2020-03-08,34
2020-03-09,37
2020-03-10,32
2020-03-11,44
2020-03-12,31
2020-03-13,27
2020-03-14,38
2020-03-15,32
2020-03-16,27
2020-03-17,27
2020-03-18,31
2020-03-19,31
2020-03-20,32
2020-03-21,32
2020-03-22,33
2020-03-23,30
2020-03-24,31
2020-03-25,30
2020-03-26,35
2020-03-27,21
2020-03-28,30
2020-03-29,32
2020-03-30,33
2020-03-31,27
2020-04-01,51
2020-04-02,33
2020-04-03,29
2020-04-04,33
2020-04-05,32
2020-04-06,20
2020-04-07,34
2020-04-08,36
2020-04-09,38
2020-04-10,32
2020-04-11,33
2020-04-12,25
2020-04-13,38
2020-04-14,36
2020-04-15,22
2020-04-16,36
2020-04-17,26
2020-04-18,28
2020-04-19,37
2020-04-20,25
2020-04-21,30
2020-04-22,28
2020-04-23,26
2020-04-24,36
2020-04-25,36
2020-04-26,41
2020-04-27,31
2020-04-28,34
2020-04-29,49
2020-04-30,34
2020-05-01,44
2020-05-02,36
2020-05-03,41
2020-05-04,37
2020-05-05,37
2020-05-06,44
2020-05-07,35
2020-05-08,34
2020-05-09,33
2020-05-10,31
2020-05-11,36
2020-05-12,32
2020-05-13,27
2020-05-14,27
2020-05-15,33
2020-05-16,14
2020-05-17,22
2020-05-18,25
2020-05-19,24
2020-05-20,22
2020-05-21,21
2020-05-22,28
2020-05-23,26
2020-05-24,30
2020-05-25,28
2020-05-26,22
2020-05-27,29
2020-05-28,33
2020-05-29,31
2020-05-30,26
2020-05-31,26
2020-06-01,35
2020-06-02,33
2020-06-03,38
2020-06-04,32
2020-06-05,31
2020-06-06,44
2020-06-07,35
2020-06-08,40
2020-06-09,32
2020-06-10,26
2020-06-11,23
2020-06-12,32
2020-06-13,34
2020-06-14,30
2020-06-15,31
2020-06-16,27
2020-06-17,31
2020-06-18,27
2020-06-19,33
2020-06-20,33
2020-06-21,40
2020-06-22,26
2020-06-23,36
2020-06-24,47
2020-06-25,26
2020-06-26,40
2020-06-27,38
2020-06-28,27
2020-06-29,39
2020-06-30,27
2020-07-01,35
2020-07-02,33
2020-07-03,30
2020-07-04,27
2020-07-05,39
2020-07-06,32
2020-07-07,26
2020-07-08,32
2020-07-09,39
2020-07-10,47
2020-07-11,34
2020-07-12,32
2020-07-13,42
2020-07-14,37
2020-07-15,36
2020-07-16,26
2020-07-17,37
2020-07-18,37
2020-07-19,36
2020-07-20,35
2020-07-21,36
2020-07-22,34
2020-07-23,46
2020-07-24,38
2020-07-25,34
2020-07-26,37
2020-07-27,39
2020-07-28,37
2020-07-29,35
2020-07-30,22
2020-07-31,44
2020-08-01,40
2020-08-02,25
2020-08-03,40
2020-08-04,34
2020-08-05,49
2020-08-06,30
2020-08-07,43
2020-08-08,33
2020-08-09,29
2020-08-10,43
2020-08-11,54
2020-08-12,51
2020-08-13,39
2020-08-14,41
2020-08-15,39
2020-08-16,53
2020-08-17,50
2020-08-18,37
2020-08-19,51
2020-08-20,42
2020-08-21,37
2020-08-22,28
2020-08-23,36
2020-08-24,33
2020-08-25,35
2020-08-26,28
2020-08-27,35
2020-08-28,48
2020-08-29,21
2020-08-30,32
2020-08-31,37
2020-09-01,28
2020-09-02,40
2020-09-03,34
2020-09-04,38
2020-09-05,50
2020-09-06,34
2020-09-07,41
2020-09-08,49
2020-09-09,31
2020-09-10,35
2020-09-11,36
2020-09-12,34
2020-09-13,35
2020-09-14,31
2020-09-15,33
2020-09-16,47
2020-09-17,40
2020-09-18,46
2020-09-19,48
2020-09-20,41
2020-09-21,43
2020-09-22,40
2020-09-23,27
2020-09-24,44
2020-09-25,42
2020-09-26,29
2020-09-27,43
2020-09-28,41
2020-09-29,34
2020-09-30,29
2020-10-01,52
2020-10-02,33
2020-10-03,31
2020-10-04,38
2020-10-05,42
2020-10-06,39
2020-10-07,36
2020-10-08,31
2020-10-09,32
2020-10-10,32
2020-10-11,43
2020-10-12,37
2020-10-13,45
2020-10-14,35
2020-10-15,30
2020-10-16,37
2020-10-17,38
2020-10-18,53
2020-10-19,35
2020-10-20,44
2020-10-21,38
2020-10-22,44
2020-10-23,36
2020-10-24,39
2020-10-25,34
2020-10-26,37
2020-10-27,33
2020-10-28,36
2020-10-29,35
2020-10-30,38
2020-10-31,46
2020-11-01,29
2020-11-02,34
2020-11-03,24
2020-11-04,32
2020-11-05,37
2020-11-06,35
2020-11-07,32
2020-11-08,51
2020-11-09,24
2020-11-10,24
2020-11-11,39
2020-11-12,26
2020-11-13,34
2020-11-14,37
2020-11-15,37
2020-11-16,46
2020-11-17,29
2020-11-18,33
2020-11-19,33
2020-11-20,34
2020-11-21,40
2020-11-22,43
2020-11-23,41
2020-11-24,28
2020-11-25,36
2020-11-26,39
2020-11-27,21
2020-11-28,22
2020-11-29,34
2020-11-30,45
2020-12-01,41
2020-12-02,19
2020-12-03,39
2020-12-04,35
2020-12-05,34
2020-12-06,37
2020-12-07,37
2020-12-08,25
2020-12-09,34
2020-12-10,21
2020-12-11,43
2020-12-12,29
2020-12-13,34
2020-12-14,30
2020-12-15,31
2020-12-16,30
2020-12-17,39
2020-12-18,47
2020-12-19,27
2020-12-20,42
2020-12-21,55
2020-12-22,41
2020-12-23,53
2020-12-24,29
2020-12-25,36
2020-12-26,39
2020-12-27,37
2020-12-28,24
2020-12-29,38
2020-12-30,40
2020-12-31,47
2021-01-01,40
2021-01-02,37
2021-01-03,42
2021-01-04,39
2021-01-05,33
2021-01-06,26
2021-01-07,38
2021-01-08,39
2021-01-09,43
2021-01-10,37
2021-01-11,40
2021-01-12,44
2021-01-13,44
2021-01-14,29
2021-01-15,29
2021-01-16,29
2021-01-17,32
2021-01-18,31
2021-01-19,40
2021-01-20,31
2021-01-21,35
2021-01-22,40
2021-01-23,30
2021-01-24,29
2021-01-25,37
2021-01-26,30
2021-01-27,32
2021-01-28,28
2021-01-29,36
2021-01-30,34
2021-01-31,39
2021-02-01,39
2021-02-02,38
2021-02-03,30
2021-02-04,36
2021-02-05,37
2021-02-06,31
2021-02-07,28
2021-02-08,33
2021-02-09,38
2021-02-10,38
2021-02-11,34
2021-02-12,47
2021-02-13,43
2021-02-14,36
2021-02-15,33
2021-02-16,40
2021-02-17,40
2021-02-18,30
2021-02-19,32
2021-02-20,37
2021-02-21,34
2021-02-22,38
2021-02-23,32
2021-02-24,42
2021-02-25,41
2021-02-26,27
2021-02-27,34
2021-02-28,46
2021-03-01,33
2021-03-02,30
2021-03-03,29
2021-03-04,38
2021-03-05,39
2021-03-06,37
2021-03-07,33
2021-03-08,42
2021-03-09,34
2021-03-10,35
2021-03-11,41
2021-03-12,31
2021-03-13,37
2021-03-14,38
2021-03-15,46
2021-03-16,41
2021-03-17,33
2021-03-18,34
2021-03-19,42
2021-03-20,39
2021-03-21,35
2021-03-22,42
2021-03-23,35
2021-03-24,38
2021-03-25,34
2021-03-26,37
2021-03-27,42
2021-03-28,44
2021-03-29,45
2021-03-30,30
2021-03-31,33
2021-04-01,31
2021-04-02,45
2021-04-03,27
2021-04-04,33
2021-04-05,35
2021-04-06,41
2021-04-07,34
2021-04-08,21
2021-04-09,34
2021-04-10,36
2021-04-11,40
2021-04-12,37
2021-04-13,41
2021-04-14,30
2021-04-15,50
2021-04-16,48
2021-04-17,29
2021-04-18,41
2021-04-19,33
2021-04-20,34
2021-04-21,36
2021-04-22,28
2021-04-23,34
2021-04-24,32
2021-04-25,39
2021-04-26,27
2021-04-27,32
2021-04-28,22
2021-04-29,32
2021-04-30,45
2021-05-01,25
2021-05-02,39
2021-05-03,33
2021-05-04,42
2021-05-05,28
2021-05-06,45
2021-05-07,31
2021-05-08,28
2021-05-09,37
2021-05-10,42
2021-05-11,29
2021-05-12,37
2021-05-13,29
2021-05-14,26
2021-05-15,41
2021-05-16,38
2021-05-17,29
2021-05-18,27
2021-05-19,35
2021-05-20,35
2021-05-21,29
2021-05-22,35
2021-05-23,43
2021-05-24,48
2021-05-25,38
2021-05-26,42
2021-05-27,25
2021-05-28,48
2021-05-29,29
2021-05-30,29
2021-05-31,27
2021-06-01,36
2021-06-02,34
2021-06-03,43
2021-06-04,38
2021-06-05,42
2021-06-06,46
2021-06-07,24
2021-06-08,35
2021-06-09,30
2021-06-10,28
2021-06-11,31
2021-06-12,41
2021-06-13,49
2021-06-14,35
2021-06-15,45
2021-06-16,23
2021-06-17,37
2021-06-18,29
2021-06-19,27
2021-06-20,35
2021-06-21,44
2021-06-22,39
2021-06-23,32
2021-06-24,31
2021-06-25,34
2021-06-26,27
2021-06-27,43
2021-06-28,36
2021-06-29,44
2021-06-30,39
2021-07-01,43
2021-07-02,38
2021-07-03,40
2021-07-04,30
2021-07-05,28
2021-07-06,38
2021-07-07,34
2021-07-08,41
2021-07-09,36
2021-07-10,48
2021-07-11,42
2021-07-12,49
2021-07-13,43
2021-07-14,33
2021-07-15,35
2021-07-16,39
2021-07-17,40
2021-07-18,44
2021-07-19,39
2021-07-20,40
2021-07-21,40
2021-07-22,51
2021-07-23,40
2021-07-24,34
2021-07-25,45
2021-07-26,44
2021-07-27,44
2021-07-28,36
2021-07-29,33
2021-07-30,42
2021-07-31,52
2021-08-01,42
2021-08-02,35
2021-08-03,52
2021-08-04,41
2021-08-05,49
2021-08-06,36
2021-08-07,45
2021-08-08,45
2021-08-09,47
2021-08-10,52
2021-08-11,46
2021-08-12,34
2021-08-13,41
2021-08-14,40
2021-08-15,26
2021-08-16,53
2021-08-17,50
2021-08-18,49
2021-08-19,50
2021-08-20,42
2021-08-21,41
2021-08-22,51
2021-08-23,45
2021-08-24,40
2021-08-25,42
2021-08-26,48
2021-08-27,49
2021-08-28,41
2021-08-29,37
2021-08-30,38
2021-08-31,44
2021-09-01,40
2021-09-02,36
2021-09-03,35
2021-09-04,51
2021-09-05,43
2021-09-06,35
2021-09-07,28
2021-09-08,33
2021-09-09,38
2021-09-10,38
2021-09-11,46
2021-09-12,31
2021-09-13,37
2021-09-14,41
2021-09-15,19
2021-09-16,24
2021-09-17,27
2021-09-18,36
2021-09-19,47
2021-09-20,41
2021-09-21,36
2021-09-22,27
2021-09-23,45
2021-09-24,40
2021-09-25,28
2021-09-26,33
2021-09-27,33
2021-09-28,27
2021-09-29,32
2021-09-30,37
2021-10-01,26
2021-10-02,35
2021-10-03,39
2021-10-04,35
2021-10-05,52
2021-10-06,38
2021-10-07,35
2021-10-08,44
2021-10-09,28
2021-10-10,42
2021-10-11,47
2021-10-12,34
2021-10-13,35
2021-10-14,31
2021-10-15,31
2021-10-16,41
2021-10-17,31
2021-10-18,33
2021-10-19,29
2021-10-20,44
2021-10-21,36
2021-10-22,40
2021-10-23,39
2021-10-24,47
2021-10-25,41
2021-10-26,28
2021-10-27,45
2021-10-28,38
2021-10-29,36
2021-10-30,51
2021-10-31,45
2021-11-01,44
2021-11-02,39
2021-11-03,54
2021-11-04,46
2021-11-05,40
2021-11-06,44
2021-11-07,55
2021-11-08,43
2021-11-09,33
2021-11-10,52
2021-11-11,30
2021-11-12,44
2021-11-13,40
2021-11-14,30
2021-11-15,29
2021-11-16,28
2021-11-17,28
2021-11-18,36
2021-11-19,30
2021-11-20,37
2021-11-21,41
2021-11-22,31
2021-11-23,38
2021-11-24,40
2021-11-25,39
2021-11-26,51
2021-11-27,39
2021-11-28,43
2021-11-29,24
2021-11-30,31
2021-12-01,43
2021-12-02,35
2021-12-03,37
2021-12-04,41
2021-12-05,32
2021-12-06,30
2021-12-07,38
2021-12-08,32
2021-12-09,41
2021-12-10,45
2021-12-11,46
2021-12-12,48
2021-12-13,45
2021-12-14,53
2021-12-15,55
2021-12-16,43
2021-12-17,40
2021-12-18,32
2021-12-19,33
2021-12-20,46
2021-12-21,57
2021-12-22,31
2021-12-23,33
2021-12-24,30
2021-12-25,36
2021-12-26,48
2021-12-27,43
2021-12-28,38
2021-12-29,43
2021-12-30,42
2021-12-31,50
2022-01-01,53
2022-01-02,51
2022-01-03,37
2022-01-04,53
2022-01-05,43
2022-01-06,40
2022-01-07,55
2022-01-08,40
2022-01-09,49
2022-01-10,42
2022-01-11,53
2022-01-12,42
2022-01-13,33
2022-01-14,27
2022-01-15,42
2022-01-16,34
2022-01-17,36
2022-01-18,39
2022-01-19,45
2022-01-20,51
2022-01-21,43
2022-01-22,43
2022-01-23,42
2022-01-24,41
2022-01-25,49
2022-01-26,37
2022-01-27,34
2022-01-28,43
2022-01-29,42
2022-01-30,56
2022-01-31,47
2022-02-01,42
2022-02-02,40
2022-02-03,55
2022-02-04,56
2022-02-05,39
2022-02-06,51
2022-02-07,56
2022-02-08,36
2022-02-09,36
2022-02-10,46
2022-02-11,57
2022-02-12,54
2022-02-13,39
2022-02-14,43
2022-02-15,39
2022-02-16,52
2022-02-17,38
2022-02-18,46
2022-02-19,37
2022-02-20,44
2022-02-21,38
2022-02-22,54
2022-02-23,40
2022-02-24,54
2022-02-25,55
2022-02-26,48
2022-02-27,44
2022-02-28,50
2022-03-01,39
2022-03-02,41
2022-03-03,34
2022-03-04,39
2022-03-05,37
2022-03-06,44
2022-03-07,46
2022-03-08,33
2022-03-09,40
2022-03-10,42
2022-03-11,37
2022-03-12,48
2022-03-13,35
2022-03-14,51
2022-03-15,34
2022-03-16,38
2022-03-17,47
2022-03-18,36
2022-03-19,41
2022-03-20,48
2022-03-21,47
2022-03-22,37
2022-03-23,33
2022-03-24,35
2022-03-25,28
2022-03-26,44
2022-03-27,28
2022-03-28,47
2022-03-29,26
2022-03-30,38
2022-03-31,38
2022-04-01,45
2022-04-02,35
2022-04-03,43
2022-04-04,43
2022-04-05,41
2022-04-06,35
2022-04-07,34
2022-04-08,35
2022-04-09,48
2022-04-10,50
2022-04-11,47
2022-04-12,43
2022-04-13,49
2022-04-14,38
2022-04-15,31
2022-04-16,34
2022-04-17,51
2022-04-18,42
2022-04-19,43
2022-04-20,36
2022-04-21,44
2022-04-22,41
2022-04-23,56
2022-04-24,33
2022-04-25,42
2022-04-26,34
2022-04-27,45
2022-04-28,46
2022-04-29,50
2022-04-30,36
2022-05-01,35
2022-05-02,39
2022-05-03,39
2022-05-04,35
2022-05-05,34
2022-05-06,49
2022-05-07,43
2022-05-08,42
2022-05-09,32
2022-05-10,35
2022-05-11,37
2022-05-12,38
2022-05-13,34
2022-05-14,34
2022-05-15,35
2022-05-16,36
2022-05-17,38
2022-05-18,42
2022-05-19,48
2022-05-20,48
2022-05-21,33
2022-05-22,47
2022-05-23,48
2022-05-24,34
2022-05-25,38
2022-05-26,46
2022-05-27,38
2022-05-28,33
2022-05-29,47
2022-05-30,52
2022-05-31,32
2022-06-01,42
2022-06-02,39
2022-06-03,38
2022-06-04,39
2022-06-05,38
2022-06-06,42
2022-06-07,40
2022-06-08,32
2022-06-09,41
2022-06-10,42
2022-06-11,46
2022-06-12,42
2022-06-13,45
2022-06-14,31
2022-06-15,50
2022-06-16,34
2022-06-17,43
2022-06-18,30
2022-06-19,36
2022-06-20,43
2022-06-21,43
2022-06-22,50
2022-06-23,46
2022-06-24,40
2022-06-25,44
2022-06-26,46
2022-06-27,40
2022-06-28,51
2022-06-29,51
2022-06-30,47
2022-07-01,59
2022-07-02,53
2022-07-03,41
2022-07-04,67
2022-07-05,47
2022-07-06,46
2022-07-07,54
2022-07-08,57
2022-07-09,53
2022-07-10,60
2022-07-11,54
2022-07-12,45
2022-07-13,46
2022-07-14,47
2022-07-15,43
2022-07-16,68
2022-07-17,59
2022-07-18,80
2022-07-19,62
2022-07-20,71
2022-07-21,59
2022-07-22,54
2022-07-23,62
2022-07-24,64
2022-07-25,47
2022-07-26,43
2022-07-27,55
2022-07-28,63
2022-07-29,53
2022-07-30,56
2022-07-31,62
2022-08-01,71
2022-08-02,66
2022-08-03,72
2022-08-04,55
2022-08-05,52
2022-08-06,57
2022-08-07,55
2022-08-08,52
2022-08-09,61
2022-08-10,46
2022-08-11,50
2022-08-12,48
2022-08-13,53
2022-08-14,44
2022-08-15,56
2022-08-16,52
2022-08-17,36
2022-08-18,52
2022-08-19,53
2022-08-20,55
2022-08-21,43
2022-08-22,43
2022-08-23,41
2022-08-24,42
2022-08-25,34
2022-08-26,44
2022-08-27,40
2022-08-28,39
2022-08-29,43
2022-08-30,45
2022-08-31,42
2022-09-01,39
2022-09-02,41
2022-09-03,43
2022-09-04,34
2022-09-05,58
2022-09-06,45
2022-09-07,40
2022-09-08,37
2022-09-09,43
2022-09-10,34
2022-09-11,39
2022-09-12,53
2022-09-13,36
2022-09-14,36
2022-09-15,40
2022-09-16,38
2022-09-17,57
2022-09-18,30
2022-09-19,38
2022-09-20,44
2022-09-21,35
2022-09-22,47
2022-09-23,35
2022-09-24,46
2022-09-25,48
2022-09-26,39
2022-09-27,39
2022-09-28,40
2022-09-29,35
2022-09-30,30
2022-10-01,37
2022-10-02,48
2022-10-03,43
2022-10-04,41
2022-10-05,35
2022-10-06,34
2022-10-07,23
2022-10-08,42
2022-10-09,36
2022-10-10,40
2022-10-11,40
2022-10-12,34
2022-10-13,39
2022-10-14,38
2022-10-15,34
2022-10-16,33
2022-10-17,37
2022-10-18,35
2022-10-19,35
2022-10-20,34
2022-10-21,33
2022-10-22,50
2022-10-23,53
2022-10-24,43
2022-10-25,34
2022-10-26,48
2022-10-27,36
2022-10-28,47
2022-10-29,45
2022-10-30,51
2022-10-31,36
2022-11-01,33
2022-11-02,35
2022-11-03,32
2022-11-04,38
2022-11-05,35
2022-11-06,41
2022-11-07,46
2022-11-08,54
2022-11-09,35
2022-11-10,30
2022-11-11,39
2022-11-12,50
2022-11-13,34
2022-11-14,43
2022-11-15,36
2022-11-16,43
2022-11-17,38
2022-11-18,43
2022-11-19,37
2022-11-20,45
2022-11-21,31
2022-11-22,42
2022-11-23,41
2022-11-24,43
2022-11-25,72
2022-11-26,46
2022-11-27,49
2022-11-28,49
2022-11-29,45
2022-11-30,53
2022-12-01,41
2022-12-02,53
2022-12-03,39
2022-12-04,52
2022-12-05,50
2022-12-06,42
2022-12-07,54
2022-12-08,51
2022-12-09,44
2022-12-10,52
2022-12-11,41
2022-12-12,53
2022-12-13,52
2022-12-14,49
2022-12-15,60
2022-12-16,55
2022-12-17,44
2022-12-18,48
2022-12-19,47
2022-12-20,49
2022-12-21,51
2022-12-22,55
2022-12-23,48
2022-12-24,53
2022-12-25,55
2022-12-26,46
2022-12-27,54
2022-12-28,36
2022-12-29,59
2022-12-30,63
2022-12-31,67
2023-01-01,55
2023-01-02,66
2023-01-03,54
2023-01-04,64
2023-01-05,57
2023-01-06,58
2023-01-07,56
2023-01-08,48
2023-01-09,45
2023-01-10,50
2023-01-11,45
2023-01-12,50
2023-01-13,54
2023-01-14,40
2023-01-15,43
2023-01-16,36
2023-01-17,47
2023-01-18,49
2023-01-19,40
2023-01-20,40
2023-01-21,47
2023-01-22,34
2023-01-23,53
2023-01-24,37
2023-01-25,45
2023-01-26,44
2023-01-27,46
2023-01-28,60
2023-01-29,38
2023-01-30,49
2023-01-31,43
2023-02-01,51
2023-02-02,45
2023-02-03,44
2023-02-04,49
2023-02-05,36
2023-02-06,47
2023-02-07,41
2023-02-08,26
2023-02-09,39
2023-02-10,51
2023-02-11,49
2023-02-12,40
2023-02-13,34
2023-02-14,51
2023-02-15,45
2023-02-16,39
2023-02-17,52
2023-02-18,36
2023-02-19,41
2023-02-20,37
2023-02-21,43
2023-02-22,45
2023-02-23,37
2023-02-24,50
2023-02-25,44
2023-02-26,38
2023-02-27,38
2023-02-28,47
2023-03-01,44
2023-03-02,36
2023-03-03,48
2023-03-04,40
2023-03-05,30
2023-03-06,45
2023-03-07,33
2023-03-08,32
2023-03-09,40
2023-03-10,36
2023-03-11,42
2023-03-12,41
2023-03-13,46
2023-03-14,32
2023-03-15,42
2023-03-16,38
2023-03-17,28
2023-03-18,30
2023-03-19,53
2023-03-20,35
2023-03-21,39
2023-03-22,37
2023-03-23,46
2023-03-24,41
2023-03-25,37
2023-03-26,40
2023-03-27,51
2023-03-28,30
2023-03-29,47
2023-03-30,37
2023-03-31,42
2023-04-01,39
2023-04-02,39
2023-04-03,37
2023-04-04,34
2023-04-05,34
2023-04-06,33
2023-04-07,31
2023-04-08,35
2023-04-09,44
2023-04-10,43
2023-04-11,32
2023-04-12,36
2023-04-13,43
2023-04-14,38
2023-04-15,33
2023-04-16,44
2023-04-17,45
2023-04-18,33
2023-04-19,53
2023-04-20,54
2023-04-21,42
2023-04-22,30
2023-04-23,38
2023-04-24,56
2023-04-25,42
2023-04-26,36
2023-04-27,36
2023-04-28,38
2023-04-29,42
2023-04-30,40
2023-05-01,43
2023-05-02,44
2023-05-03,41
2023-05-04,41
2023-05-05,50
2023-05-06,34
2023-05-07,41
2023-05-08,46
2023-05-09,38
2023-05-10,48
2023-05-11,38
2023-05-12,43
2023-05-13,34
2023-05-14,36
2023-05-15,29
2023-05-16,54
2023-05-17,38
2023-05-18,45
2023-05-19,37
2023-05-20,41
2023-05-21,34
2023-05-22,43
2023-05-23,41
2023-05-24,51
2023-05-25,46
2023-05-26,45
2023-05-27,39
2023-05-28,42
2023-05-29,42
2023-05-30,33
2023-05-31,40
2023-06-01,37
2023-06-02,44
2023-06-03,44
2023-06-04,46
2023-06-05,43
2023-06-06,35
2023-06-07,49
2023-06-08,36
2023-06-09,39
2023-06-10,50
2023-06-11,44
2023-06-12,57
2023-06-13,49
2023-06-14,47
2023-06-15,40
2023-06-16,55
2023-06-17,50
2023-06-18,52
2023-06-19,39
2023-06-20,38
2023-06-21,38
2023-06-22,45
2023-06-23,44
2023-06-24,47
2023-06-25,53
2023-06-26,42
2023-06-27,38
2023-06-28,36
2023-06-29,44
2023-06-30,50
2023-07-01,49
2023-07-02,48
2023-07-03,61
2023-07-04,39
2023-07-05,51
2023-07-06,42
2023-07-07,59
2023-07-08,60
2023-07-09,51
2023-07-10,54
2023-07-11,57
2023-07-12,62
2023-07-13,57
2023-07-14,43
2023-07-15,68
2023-07-16,59
2023-07-17,69
2023-07-18,48
2023-07-19,60
2023-07-20,45
2023-07-21,48
2023-07-22,56
2023-07-23,54
2023-07-24,58
2023-07-25,51
2023-07-26,57
2023-07-27,53
2023-07-28,52
2023-07-29,60
2023-07-30,46
2023-07-31,54
2023-08-01,53
2023-08-02,45
2023-08-03,46
2023-08-04,43
2023-08-05,57
2023-08-06,47
2023-08-07,65
2023-08-08,53
2023-08-09,35
2023-08-10,43
2023-08-11,59
2023-08-12,65
2023-08-13,39
2023-08-14,60
2023-08-15,51
2023-08-16,53
2023-08-17,69
2023-08-18,59
2023-08-19,57
2023-08-20,41
2023-08-21,68
2023-08-22,50
2023-08-23,45
2023-08-24,43
2023-08-25,69
2023-08-26,49
2023-08-27,61
2023-08-28,53
2023-08-29,46
2023-08-30,62
2023-08-31,42
2023-09-01,39
2023-09-02,61
2023-09-03,54
2023-09-04,46
2023-09-05,51
2023-09-06,38
2023-09-07,40
2023-09-08,41
2023-09-09,51
2023-09-10,56
2023-09-11,53
2023-09-12,49
2023-09-13,42
2023-09-14,28
2023-09-15,41
2023-09-16,52
2023-09-17,54
2023-09-18,51
2023-09-19,58
2023-09-20,57
2023-09-21,36
2023-09-22,54
2023-09-23,44
2023-09-24,53
2023-09-25,46
2023-09-26,39
2023-09-27,45
2023-09-28,53
2023-09-29,55
2023-09-30,30
2023-10-01,45
2023-10-02,33
2023-10-03,41
2023-10-04,37
2023-10-05,40
2023-10-06,34
2023-10-07,54
2023-10-08,45
2023-10-09,46
2023-10-10,51
2023-10-11,43
2023-10-12,33
2023-10-13,61
2023-10-14,52
2023-10-15,42
2023-10-16,47
2023-10-17,43
2023-10-18,42
2023-10-19,58
2023-10-20,42
2023-10-21,41
2023-10-22,44
2023-10-23,58
2023-10-24,36
2023-10-25,47
2023-10-26,42
2023-10-27,44
2023-10-28,48
2023-10-29,35
2023-10-30,54
2023-10-31,52
2023-11-01,40
2023-11-02,52
2023-11-03,44
2023-11-04,39
2023-11-05,49
2023-11-06,40
2023-11-07,44
2023-11-08,33
2023-11-09,42
2023-11-10,55
2023-11-11,36
2023-11-12,46
2023-11-13,50
2023-11-14,38
2023-11-15,33
2023-11-16,38
2023-11-17,40
2023-11-18,47
2023-11-19,57
2023-11-20,49
2023-11-21,37
2023-11-22,43
2023-11-23,41
2023-11-24,30
2023-11-25,34
2023-11-26,34
2023-11-27,30
2023-11-28,48
2023-11-29,48
2023-11-30,40
2023-12-01,38
2023-12-02,54
2023-12-03,56
2023-12-04,47
2023-12-05,48
2023-12-06,52
2023-12-07,38
2023-12-08,37
2023-12-09,53
2023-12-10,51
2023-12-11,48
2023-12-12,38
2023-12-13,50
2023-12-14,36
2023-12-15,49
2023-12-16,51
2023-12-17,64
2023-12-18,49
2023-12-19,53
2023-12-20,55
2023-12-21,51
2023-12-22,49
2023-12-23,41
2023-12-24,60
2023-12-25,43
2023-12-26,50
2023-12-27,47
2023-12-28,57
2023-12-29,53
2023-12-30,47
2023-12-31,43
2024-01-01,58
2024-01-02,71
2024-01-03,58
2024-01-04,73
2024-01-05,49
2024-01-06,55
2024-01-07,48
2024-01-08,65
2024-01-09,56
2024-01-10,52
2024-01-11,48
2024-01-12,69
2024-01-13,48
2024-01-14,63
2024-01-15,56
2024-01-16,40
2024-01-17,60
2024-01-18,48
2024-01-19,49
2024-01-20,42
2024-01-21,52
2024-01-22,50
2024-01-23,58
2024-01-24,41
2024-01-25,45
2024-01-26,39
2024-01-27,55
2024-01-28,57
2024-01-29,40
2024-01-30,57
2024-01-31,37
2024-02-01,37
2024-02-02,46
2024-02-03,43
2024-02-04,52
2024-02-05,56
2024-02-06,37
2024-02-07,60
2024-02-08,48
2024-02-09,51
2024-02-10,50
2024-02-11,54
2024-02-12,46
2024-02-13,54
2024-02-14,37
2024-02-15,55
2024-02-16,39
2024-02-17,31
2024-02-18,53
2024-02-19,53
2024-02-20,42
2024-02-21,43
2024-02-22,25
2024-02-23,39
2024-02-24,52
2024-02-25,36
2024-02-26,50
2024-02-27,52
2024-02-28,46
2024-02-29,55
2024-03-01,51
2024-03-02,39
2024-03-03,47
2024-03-04,47
2024-03-05,41
2024-03-06,30
2024-03-07,37
2024-03-08,49
2024-03-09,44
2024-03-10,41
2024-03-11,49
2024-03-12,44
2024-03-13,36
2024-03-14,52
2024-03-15,38
2024-03-16,42
2024-03-17,49
2024-03-18,41
2024-03-19,44
2024-03-20,41
2024-03-21,42
2024-03-22,55
2024-03-23,47
2024-03-24,43
2024-03-25,43
2024-03-26,49
2024-03-27,51
2024-03-28,35
2024-03-29,44
2024-03-30,44
2024-03-31,53
2024-04-01,47
2024-04-02,52
2024-04-03,41
2024-04-04,33
2024-04-05,36
2024-04-06,40
2024-04-07,47
2024-04-08,43
2024-04-09,33
2024-04-10,31
2024-04-11,31
2024-04-12,26
2024-04-13,43
2024-04-14,46
2024-04-15,56
2024-04-16,35
2024-04-17,39
2024-04-18,45
2024-04-19,37
2024-04-20,44
2024-04-21,41
2024-04-22,42
2024-04-23,43
2024-04-24,31
2024-04-25,37
2024-04-26,41
2024-04-27,46
2024-04-28,41
2024-04-29,47
2024-04-30,37
2024-05-01,46
2024-05-02,38
2024-05-03,53
2024-05-04,60
2024-05-05,53
2024-05-06,56
2024-05-07,51
2024-05-08,47
2024-05-09,46
2024-05-10,48
2024-05-11,37
2024-05-12,44
2024-05-13,40
2024-05-14,38
2024-05-15,45
2024-05-16,32
2024-05-17,34
2024-05-18,48
2024-05-19,43
2024-05-20,43
2024-05-21,43
2024-05-22,45
2024-05-23,56
2024-05-24,59
2024-05-25,36
2024-05-26,39
2024-05-27,38
2024-05-28,51
2024-05-29,38
2024-05-30,40
2024-05-31,34
2024-06-01,34
2024-06-02,42
2024-06-03,37
2024-06-04,44
2024-06-05,33
2024-06-06,37
2024-06-07,42
2024-06-08,40
2024-06-09,33
2024-06-10,53
2024-06-11,35
2024-06-12,41
2024-06-13,38
2024-06-14,50
2024-06-15,43
2024-06-16,56
2024-06-17,61
2024-06-18,48
2024-06-19,52
2024-06-20,71
2024-06-21,35
2024-06-22,53
2024-06-23,51
2024-06-24,53
2024-06-25,39
2024-06-26,54
2024-06-27,55
2024-06-28,40
2024-06-29,47
2024-06-30,47
2024-10-01,34
2024-10-02,4
2024-10-03,37
2024-10-04,44
2024-10-05,33
2024-10-06,37
2024-10-07,42
2024-10-08,40
2024-10-09,33
2024-10-10,53
2024-10-11,35
2024-10-12,4
2024-10-13,38
2024-10-14,50
2024-10-15,43
2024-10-16,56
2024-10-17,61
2024-10-18,48
2024-10-19,52
2024-10-20,71
2024-10-21,35
2024-10-22,53
2024-10-23,1
2024-10-24,53
2024-10-25,39
2024-10-26,54
2024-10-27,55
2024-10-28,40
2024-10-29,47
2024-10-30,47
2024-10-31,47
2024-09-01,34
2024-09-02,42
2024-09-03,37
2024-09-04,44
2024-09-05,33
2024-09-06,37
2024-09-07,42
2024-09-08,40
2024-09-09,33
2024-09-10,53
2024-09-11,35
2024-09-12,41
2024-09-13,38
2024-09-14,50
2024-09-15,43
2024-09-16,56
2024-09-17,61
2024-09-18,48
2024-09-19,52
2024-09-20,71
2024-09-21,35
2024-09-22,53
2024-09-23,51
2024-09-24,53
2024-09-25,39
2024-09-26,54
2024-09-27,55
2024-09-28,40
2024-09-29,47
2024-09-30,47
